S70P0G02,0
S70P0R01,1
S70P0R03,2
S70P0R04,3
S70P0R05,4
S70P0W13,5
S70P0W15,6
S80P0R02,7
S80P0R03,8
S80P0R04,9
W40P0G01,10
W40P0M14,11
W40P0R01,12
W40P0R02,13
W40P0R03,14
W40P0R04,15
W40P0R05,16
W40P0R06,17
W40P0W04,18
W40P0W08,19
W40P0W09,20
W40P0W11,21
W40P0W12,22
W40P0W14,23
W40P0W16,24
W40P0W17,25
W40P0W20,26
W50P0M05,27
W50P0M06,28
W50P0R01,29
W50P0R02,30
W50P0R03,31
W50P0R04,32
W50P0R05,33
W50P0R06,34
W50P0R07,35
W50P0R08,36
W50P0W01,37
W50P0W05,38
W50P0W07,39
W50P0W11,40
W50P0W13,41
W50P0W15,42
W50P0W16,43
W50P0W17,44
W50P0W18,45
W50P0W20,46
