S70P0S03,0
S70P0T01,1
S70P0T04,2
S70P0T05,3
S70P0X05,4
S71T01S1,5
S71T04TA,6
S71T04TG,7
S71T05TD,8
S71T05TE,9
S71T05TK,10
S71T06S1,11
S72T01TC,12
S72T01TD,13
S72T01TJ,14
S72T03S1,15
S72T03TA,16
S72T03TJ,17
S72T03TL,18
S72T03WA,19
S80P0T03,20
S81T07S2,21
W40P0R01,22
W40P0R02,23
W40P0S01,24
W40P0S02,25
W40P0S03,26
W40P0S04,27
W40P0S05,28
W40P0T01,29
W40P0T02,30
W40P0T07,31
W40P0T08,32
W40P0W02,33
W40P0W10,34
W40P0W11,35
W40P0W17,36
W40P0W18,37
W40P0W19,38
W41T0100,39
W41T01TB,40
W41T01TD,41
W41T01TE,42
W41T01TF,43
W41T02TA,44
W41T02TF,45
W41T04TB,46
W41T04TD,47
W41T04TF,48
W41T04TG,49
W41T05TE,50
W41T05TF,51
W42T01TC,52
W42T01TD,53
W42T0400,54
W42T04TA,55
W42T04TB,56
W42T04TC,57
W42T04TD,58
W42T04TF,59
W42T04WB,60
W43T0300,61
W43T03TB,62
W43T03TC,63
W43T03TE,64
W43T03TF,65
W43T03TH,66
W43T03TK,67
W43T03WC,68
W44T0100,69
W44T01TA,70
W44T01TB,71
W44T01TC,72
W44T01TD,73
W44T0200,74
W44T02TE,75
W44T0300,76
W44T03TA,77
W44T03TB,78
W44T03TF,79
W44T03TH,80
W44T0400,81
W44T04TB,82
W50P0G03,83
W50P0S01,84
W50P0S02,85
W50P0S05,86
W50P0S06,87
W50P0S11,88
W50P0S12,89
W50P0T01,90
W50P0T02,91
W50P0T03,92
W50P0T07,93
W50P0W01,94
W50P0W09,95
W50P0W15,96
W50P0W21,97
W51T0100,98
W51T01TC,99
W51T01TE,100
W51T01TL,101
W51T0200,102
W51T02TA,103
W51T02TB,104
W51T0300,105
W51T0400,106
W51T0500,107
W51T05TC,108
W51T05TD,109
W51T06TC,110
W51T08TA,111
W51T09TA,112
W51T09TC,113
W52T0100,114
W52T01TB,115
W52T01TC,116
W52T01TD,117
W52T0200,118
W52T02TK,119
W52T0400,120
W52T04TA,121
W52T04TB,122
W52T0600,123
W52T06TI,124
W52T0700,125
W52T07TC,126
W53T0100,127
W53T01TA,128
W53T01TB,129
W53T01TD,130
W53T01TE,131
W53T02TA,132
W53T02TC,133
W53T02TE,134
W53T02TI,135
W53T02TJ,136
W53T02WB,137
W53T0300,138
W53T03TA,139
W53T03TB,140
W53T03TC,141
W53T03TD,142
W53T03TK,143
W53T04TA,144
W53T0500,145
W53T05TA,146
W53T05TC,147
W53T05TE,148
W53T05WA,149
W53T05WB,150
W53T06TB,151
W53T06TC,152
W53T06TD,153
W53T06TE,154
W53T06TK,155
W53T06WA,156
W54T01TB,157
W54T01TC,158
W54T01TD,159
W54T0200,160
W54T02TB,161
W54T02TC,162
W54T02TD,163
W54T02TI,164
W54T03TD,165
W54T03TE,166
W54T03TO,167
W54T03TR,168
W54T0400,169
W54T04TC,170
W54T04TD,171
W54T04TE,172
W54T0500,173
W54T05TA,174
W54T05TB,175
W54T0600,176
W54T06TC,177
W54T06TD,178
W54T07TC,179
W54T07TE,180
W54T07TF,181
W54T08TA,182
W54T08TB,183
W54T08TC,184
W54T08TH,185
W54T09TA,186
W54T09TB,187
W54T09TC,188
W55T0100,189
W55T01TA,190
W55T01TC,191
W55T01TD,192
W55T01TJ,193
W55T03TA,194
W55T03TF,195
