01S,0
03S,1
04S,2
06S,3
08S,4
1,5
2,6
3,7
9999,8
99S,9
AA09,10
AA10,11
AA11,12
AA14,13
AC30,14
AP1,15
AR53,16
AR54,17
AT33,18
AT44,19
BE09,20
BF11,21
BF41,22
BP01,23
BP1,24
C30,25
C31,26
C35,27
C79,28
CE01,29
CF30,30
CF45,31
CF50,32
CF51,33
CF54,34
CF55,35
CF56,36
CF61,37
CF67,38
CG12,39
CH03,40
DD70,41
DF17,42
DF18,43
DF19,44
DF21,45
DSD7,46
E03,47
EF08,48
EF11,49
EF12,50
EL01,51
EX11,52
F100,53
F200,54
FB50,55
FB55,56
FC11,57
FF11,58
FF72,59
FS06,60
FS08,61
FS34,62
FT23,63
FV10,64
G122,65
GA10,66
GB01,67
GB45,68
GU01,69
KC10,70
KC14,71
KC16,72
KE01,73
KE03,74
KF01,75
KF23,76
KR59,77
KR63,78
L1,79
L2,80
L3,81
L4,82
L5,83
LD00,84
LD14,85
LD7,86
MA01,87
MA05,88
MA07,89
MA08,90
MA09,91
MA10,92
MD01,93
MR10,94
MT04,95
MT05,96
MU16,97
MX01,98
N001,99
N101,100
N822,101
NB01,102
NG11,103
NN14,104
NN19,105
PA03,106
PA04,107
PA05,108
PA06,109
PA07,110
PA10,111
PA12,112
PA13,113
PA51,114
PB01,115
PC29,116
PC30,117
PC31,118
PC82,119
PC84,120
PF00,121
PF03,122
PF04,123
PF07,124
PF09,125
PF10,126
PF11,127
PF12,128
PF13,129
PF14,130
PF15,131
PF17,132
PF18,133
PF23,134
PF35,135
PF39,136
PF42,137
PF50,138
PF51,139
PI30,140
PL01,141
PS13,142
PS15,143
PS19,144
PS24,145
PS25,146
PT00,147
PT07,148
PT12,149
PT16,150
PT18,151
PV01,152
PV03,153
PV04,154
Q000,155
QU01,156
RF53,157
RG09,158
RG24,159
RH01,160
RN01,161
RO14,162
RO15,163
RT12,164
RV56,165
RV66,166
RV77,167
RX3,168
RY01,169
S001,170
S002,171
S003,172
S004,173
S005,174
S006,175
S007,176
S008,177
S009,178
SB6,179
SD01,180
SD10,181
SD41,182
SF19,183
SF32,184
SF33,185
SF34,186
SF72,187
SF73,188
SF74,189
SF75,190
SL00,191
SL01,192
SL02,193
SL04,194
SQ00,195
SR59,196
ST01,197
T014,198
T020,199
T021,200
TC30,201
TC38,202
TD07,203
TD13,204
TD53,205
TD73,206
TD74,207
TD78,208
TG02,209
TG26,210
TG67,211
TK01,212
VB27,213
VE85,214
VF02,215
VF03,216
VF06,217
VF09,218
VF10,219
VF14,220
VF21,221
VF25,222
VY11,223
W01,224
WD2,225
WR01,226
WS26,227
WS39,228
WS59,229
WS67,230
X03,231
X05,232
X06,233
X23,234
XO11,235
YC01,236
YG02,237
YG99,238
01,0
02,6
03,7
